{"cameraMode":{"drawMode":0,"name":"Shaded","section":"Shading Mode"},"sceneLighting":true,"audioPlay":false,"sceneViewState":{"showFog":true,"showMaterialUpdate":false,"showSkybox":true,"showFlares":true,"showImageEffects":true,"showParticleSystems":true},"in2DMode":false,"pivot":{"x":239.1954803466797,"y":320.7881164550781,"z":41.14094924926758},"rotation":{"x":0.09731761366128922,"y":0.023883642628788949,"z":-0.0023360506165772678,"w":0.994964063167572},"size":476.00872802734377,"orthographic":true}